<?xml version="1.0" encoding="UTF-8"?>
<project-private xmlns="http://www.netbeans.org/ns/project-private/1">
    <editor-bookmarks xmlns="http://www.netbeans.org/ns/editor-bookmarks/2" lastBookmarkId="0"/>
    <open-files xmlns="http://www.netbeans.org/ns/projectui-open-files/2">
        <group>
            <file>file:/D:/Computer%20Science/youtube/java/SchoolManagementSystem/src/Home.java</file>
            <file>file:/D:/Computer%20Science/youtube/java/SchoolManagementSystem/src/Welcome.java</file>
            <file>file:/D:/Computer%20Science/youtube/java/SchoolManagementSystem/src/CurrentPrincipal.java</file>
            <file>file:/D:/Computer%20Science/youtube/java/SchoolManagementSystem/src/AllTeachers.java</file>
            <file>file:/D:/Computer%20Science/youtube/java/SchoolManagementSystem/src/Login.java</file>
            <file>file:/D:/Computer%20Science/youtube/java/SchoolManagementSystem/src/Student.java</file>
            <file>file:/D:/Computer%20Science/youtube/java/SchoolManagementSystem/src/AllStudents.java</file>
            <file>file:/D:/Computer%20Science/youtube/java/SchoolManagementSystem/src/Teacher.java</file>
            <file>file:/D:/Computer%20Science/youtube/java/SchoolManagementSystem/src/Pricipal.java</file>
            <file>file:/D:/Computer%20Science/youtube/java/SchoolManagementSystem/src/databaseConnection.java</file>
        </group>
    </open-files>
</project-private>
