<?xml version="1.0" encoding="UTF-8"?>
<project-private xmlns="http://www.netbeans.org/ns/project-private/1">
    <editor-bookmarks xmlns="http://www.netbeans.org/ns/editor-bookmarks/2" lastBookmarkId="0"/>
    <open-files xmlns="http://www.netbeans.org/ns/projectui-open-files/2">
        <group>
            <file>file:/D:/Computer%20Science/youtube/java/SchoolManagementSystem/src/principal.java</file>
            <file>file:/D:/Computer%20Science/youtube/java/SchoolManagementSystem/src/home.java</file>
            <file>file:/D:/Computer%20Science/youtube/java/SchoolManagementSystem/src/viewPrincipal.java</file>
            <file>file:/D:/Computer%20Science/youtube/java/SchoolManagementSystem/src/teacher.java</file>
            <file>file:/D:/Computer%20Science/youtube/java/SchoolManagementSystem/src/newuser.java</file>
            <file>file:/D:/Computer%20Science/youtube/java/SchoolManagementSystem/src/login.java</file>
            <file>file:/D:/Computer%20Science/youtube/java/SchoolManagementSystem/src/welcome.java</file>
        </group>
    </open-files>
</project-private>
